article_id,session_id,newspaper,category,headline,link,published_date,matched_keywords,matched_keyword_count
384,PROTHOMALO_20260428_211709,Prothom Alo,entertainment,"‘কারাগার’ থেকে ‘বরবাদ’, আলোচিত এই চিত্রনাট্যকারকে চেনেন কি",https://www.prothomalo.com/entertainment/tv/ua0jls52sr,2026-04-28,ঘোষণা,1
1037,PROTHOMALO_20260507_121326,Prothom Alo,bangladesh,হাসানুল হক ইনুর পক্ষে যুক্তিতর্ক উপস্থাপন সম্পন্ন,https://www.prothomalo.com/bangladesh/95076s24cf,2026-05-07,"বক্তব্য, অভিযোগ, মামলা, সভা, আইন",5
351,PROTHOMALO_20260428_211709,Prothom Alo,entertainment,"সব জল্পনার অবসান, ৭ কোটি টাকার আংটিতে বাগ্‌দান সারলেন আলোচিত জুটি",https://www.prothomalo.com/entertainment/song/m5bzole2sa,2026-04-28,"গণমাধ্যম, আলোচনা, দাবি",3
394,PROTHOMALO_20260428_211709,Prothom Alo,world,জয়ের চ্যালেঞ্জ ছুড়ে নির্বাচনী প্রচার শেষ করলেন মোদি ও মমতা,https://www.prothomalo.com/world/india/rnytvksul3,2026-04-28,"স্বাধীনতা, বক্তব্য, সমাবেশ, ঘোষণা, নারী, নীতি, সভা",7
272,PROTHOMALO_20260428_211709,Prothom Alo,sports,"আইরিনের হ্যাটট্রিক, এশিয়ান গেমসের বাছাইয়ের ফাইনালে বাংলাদেশের মেয়েরা",https://www.prothomalo.com/sports/other-sports/4ngtczxrbx,2026-04-28,"আক্রমণ, নারী",2
350,PROTHOMALO_20260428_211709,Prothom Alo,world,"এবিসির জিমি কিমেলের ওপর কেন চটলেন মেলানিয়া ও ট্রাম্প, চান তাঁর চাকরিচ্যুতি",https://www.prothomalo.com/world/usa/ldn4mc1jnd,2026-04-28,"মতপ্রকাশের স্বাধীনতা, স্বাধীনতা, মতপ্রকাশ, প্রতিবাদ, সাংবাদিক, বক্তব্য, অভিযোগ, অধিকার, সংবাদ, দাবি, নীতি, চাপ",12
431,PROTHOMALO_20260428_211709,Prothom Alo,roundtable,বরিশালের স্বাস্থ্যসেবা নিশ্চিতে স্থানীয় সরকারের সমন্বয়,https://www.prothomalo.com/roundtable/p6s6m8jvjd,2026-04-28,"প্রান্তিক জনগোষ্ঠী, প্রতিষ্ঠান, স্বচ্ছতা, আলোচনা, অভিযোগ, অধিকার, অনলাইন, এনজিও, নারী, ভাতা, বাধা, নীতি, সভা, চাপ, আইন",15
426,PROTHOMALO_20260428_211709,Prothom Alo,bangladesh,ফরিদপুরে দাদি–ফুফুসহ তিনজনকে কুপিয়ে হত্যার ঘটনায় অভিযুক্ত আকাশ আটক,https://www.prothomalo.com/bangladesh/district/4jo9ayyuah,2026-04-28,"মামলা, আইন",2
278,PROTHOMALO_20260428_211709,Prothom Alo,education,এসএসসি পরীক্ষা ২০২৬। তথ্য ও যোগাযোগ প্রযুক্তি: ৫ম অধ্যায়ের বহুনির্বাচনি প্রশ্নোত্তর,https://www.prothomalo.com/education/examination/zpaj6yn43d,2026-04-28,চাপ,1
424,PROTHOMALO_20260428_211709,Prothom Alo,world,"যুদ্ধবিরতি লঙ্ঘন করে পাকিস্তান-আফগানিস্তানে পাল্টাপাল্টি হামলার অভিযোগ, হতাহত",https://www.prothomalo.com/world/asia/9o9tg4jc84,2026-04-28,"প্রতিষ্ঠান, অভিযোগ, ঘোষণা, নারী, দাবি",5
406,PROTHOMALO_20260428_211709,Prothom Alo,technology,"সমুদ্রের তলদেশে হচ্ছে রহস্যময় গ্যাস নিঃসরণ, পরিবেশের ওপর প্রভাব পড়ার আশঙ্কা",https://www.prothomalo.com/technology/science/bho5t8aezy,2026-04-28,গবেষণা,1
433,PROTHOMALO_20260428_211709,Prothom Alo,lifestyle,"এই ৬ রুটির কোনটার কী উপকারিতা, জানেন কি",https://www.prothomalo.com/lifestyle/health/opf7ucdo6g,2026-04-28,"অনলাইন, চাপ",2
364,PROTHOMALO_20260428_211709,Prothom Alo,religion,ইমাম আল-জুওয়াইনির রাজনৈতিক পূর্বাভাস,https://www.prothomalo.com/religion/islam/8loql0z80b,2026-04-28,"স্বাধীনতা, আলোচনা, অধিকার, নীতি, আইন",5
309,PROTHOMALO_20260428_211709,Prothom Alo,bangladesh,"মায়ের মৃত্যুর পর চিকিৎসায় অবহেলার অভিযোগ পুলিশ সদস্যের, নার্সের সঙ্গে হাতাহাতি",https://www.prothomalo.com/bangladesh/district/bzvv4rkitk,2026-04-28,"গ্রেপ্তার, আলোচনা, অভিযোগ, বিচার, মামলা, ঘোষণা, আইন",7
436,PROTHOMALO_20260428_211709,Prothom Alo,entertainment,জীবনে প্রথমবার আমাকে মানুষ গালি দিতে দেখবে,https://www.prothomalo.com/entertainment/entertainment-interview/26b1c23urs,2026-04-28,"আলোচনা, সংবাদ",2
1003,PROTHOMALO_20260507_121326,Prothom Alo,chakri,চট্টগ্রামে দুই কর অঞ্চলে ২৫২ পদে চাকরি,https://www.prothomalo.com/chakri/employment/pacgs0atkv,2026-05-07,বেতন,1
292,PROTHOMALO_20260428_211709,Prothom Alo,bangladesh,"দাউদকান্দিতে বন্ধ মসজিদের তালা খোলা নিয়ে তাবলিগের দুই পক্ষের সংঘর্ষ, আহত ১০",https://www.prothomalo.com/bangladesh/district/7gkrwq6p0y,2026-04-28,"প্রতিবাদ, বক্তব্য, আলোচনা, সমাবেশ, অভিযোগ, সংবাদ, বাধা, দাবি",8
437,PROTHOMALO_20260428_211709,Prothom Alo,business,শেয়ারবাজারে ব্যক্তি বিনিয়োগকারীরা কেন বারবার ক্ষতিগ্রস্ত হন,https://www.prothomalo.com/business/market/fzyw6vulwb,2026-04-28,"প্রতিষ্ঠান, স্বচ্ছতা, অভিযোগ, গবেষণা, অধিকার, অনলাইন, মামলা, সংগঠন, নীতি, সভা, আইন",11
236,PROTHOMALO_20260428_211709,Prothom Alo,opinion,শিক্ষা প্রযুক্তিতে আমাদের বাচ্চারা কেন পিছিয়ে থাকবে?,https://www.prothomalo.com/opinion/column/mprp02cdhw,2026-04-28,"উন্নয়ন সংস্থা, প্রতিষ্ঠান, ইন্টারনেট, নীতিমালা, গবেষণা, অনলাইন, নারী, নীতি",8
271,PROTHOMALO_20260428_211709,Prothom Alo,bangladesh,জুলাই আন্দোলনের হত্যা মামলায় তারিক সিদ্দিকের গাড়িচালক ও তত্ত্বাবধায়ক আবার রিমান্ডে,https://www.prothomalo.com/bangladesh/k2yh8oppev,2026-04-28,"গ্রেপ্তার, আন্দোলন, মামলা, মিছিল, দাবি, আইন",6
263,PROTHOMALO_20260428_211709,Prothom Alo,sports,"অনিশ্চয়তায় জিদানের ছেলে, আলজেরিয়ার বিশ্বকাপ স্বপ্নে বড় ধাক্কা",https://www.prothomalo.com/sports/football/sxwzbhu3jp,2026-04-28,"আলোচনা, বিবৃতি, বাধা",3
998,PROTHOMALO_20260507_121326,Prothom Alo,bangladesh,"ঘরে খাবার নেই, কিস্তির চাপ, বাবার ফেরার অপেক্ষায় সন্তানেরা",https://www.prothomalo.com/bangladesh/district/5dhei6rjcd,2026-05-07,চাপ,1
999,PROTHOMALO_20260507_121326,Prothom Alo,sports,নেভেসের হ্যান্ডবলে কেন পেনাল্টি পেল না বায়ার্ন,https://www.prothomalo.com/sports/football/7ij1ep1ba6,2026-05-07,"আলোচনা, বাধা, দাবি, চাপ, আইন",5
454,PROTHOMALO_20260428_211709,Prothom Alo,bangladesh,দুর্যোগের ক্ষয়ক্ষতি কমাতে পূর্বাভাসভিত্তিক আগাম নগদ সহায়তা কার্যকর,https://www.prothomalo.com/bangladesh/mhye5jd91t,2026-04-28,"উন্নয়ন সংস্থা, বক্তব্য, আলোচনা, গবেষণা, সভা",5
227,PROTHOMALO_20260428_211709,Prothom Alo,bangladesh,কুষ্টিয়ায় পীর হত্যা মামলায় ভিডিও দেখে এক কিশোরকে গ্রেপ্তার,https://www.prothomalo.com/bangladesh/district/9z7pqovhq6,2026-04-28,"গ্রেপ্তার, এজাহার, অভিযোগ, মামলা, সভা",5
390,PROTHOMALO_20260428_211709,Prothom Alo,world,যুক্তরাষ্ট্রে মাঝ আকাশে উড়োজাহাজে নতুন যাত্রীর আগমন,https://www.prothomalo.com/world/usa/vjcmq9blwb,2026-04-28,"গণমাধ্যম, নারী, বিধি",3
269,PROTHOMALO_20260428_211709,Prothom Alo,business,"ইরান যুদ্ধের কারণে ব্রিটিশ পেট্রোলিয়ামের মুনাফা দ্বিগুণ, মুনাফা নিয়ে সমালোচনা কেন",https://www.prothomalo.com/business/world-business/9w981khhza,2026-04-28,"প্রতিষ্ঠান, সভা",2
261,PROTHOMALO_20260428_211709,Prothom Alo,education,এসএসসি পরীক্ষা ২০২৬। তথ্য ও যোগাযোগ প্রযুক্তি: পরামর্শ,https://www.prothomalo.com/education/examination/ht5fel80it,2026-04-28,"ইন্টারনেট, মিডিয়া, আক্রমণ, অধিকার, আইন",5
280,PROTHOMALO_20260428_211709,Prothom Alo,bangladesh,গণমাধ্যমে ভুল তথ্য কোনোভাবেই সহ্য করা হবে না: তথ্য উপদেষ্টা,https://www.prothomalo.com/bangladesh/c6tso7kxin,2026-04-28,"গ্রেপ্তার, গণমাধ্যম, বক্তব্য, অভিযোগ",4
239,PROTHOMALO_20260428_211709,Prothom Alo,business,তিন মাসে ৬১৬ কোটি টাকার জুতার ব্যবসা এপেক্স ফুটওয়্যারের,https://www.prothomalo.com/business/market/rwe7i3lnfg,2026-04-28,"প্রতিবেদন, সভা",2
420,PROTHOMALO_20260428_211709,Prothom Alo,religion,একজন আদর্শ পিতার ৫ গুণ,https://www.prothomalo.com/religion/islam/u3d7m8ndid,2026-04-28,"আলোচনা, হুমকি, বিচার, মতামত, চাপ",5
257,PROTHOMALO_20260428_211709,Prothom Alo,world,"নিউইয়র্কে উড়ল বিদ্যুৎচালিত এয়ার ট্যাক্সি, নগরে চলাচলে যুক্ত হতে পারে নতুন পরিবহন",https://www.prothomalo.com/world/usa/twb2ezrten,2026-04-28,"প্রতিষ্ঠান, বিবৃতি, দাবি",3
240,PROTHOMALO_20260428_211709,Prothom Alo,video,বট বাহিনী দিয়ে ‘ভাইরাল’ হয়ে রাজনীতি হয় না: সংসদে শামা ওবায়েদ,https://www.prothomalo.com/video/bangladesh/o3n3yr4j49,2026-04-28,নীতি,1
328,PROTHOMALO_20260428_211709,Prothom Alo,bangladesh,গুলশান ইয়ুথ ক্লাবের অফিশিয়াল স্পনসর স্কয়ার ফুড অ্যান্ড বেভারেজ,https://www.prothomalo.com/bangladesh/49jnitb6cl,2026-04-28,"নারী, সভা",2
1031,PROTHOMALO_20260507_121326,Prothom Alo,bangladesh,রাজধানীতে লক্কড়ঝক্কড় গাড়ির বিরুদ্ধে অভিযানে নামছে পুলিশ,https://www.prothomalo.com/bangladesh/capital/ruleu7lgn4,2026-05-07,আইন,1
291,PROTHOMALO_20260428_211709,Prothom Alo,bangladesh,"এরশাদের মার্শাল লর সময় অনেককে বেআইনিভাবে আটক করে রাখার কথা সত্য নয়, জেরায় আমান আযমী",https://www.prothomalo.com/bangladesh/emeanupw88,2026-04-28,"মামলা, আইন",2
440,PROTHOMALO_20260428_211709,Prothom Alo,entertainment,কেট কেন আলোচনায়,https://www.prothomalo.com/entertainment/hollywood/w5n3ueaxhd,2026-04-28,"আলোচনা, সংগঠন, নীতি, চাপ",4
210,PROTHOMALO_20260428_211709,Prothom Alo,bangladesh,"টেকনাফ থেকে তেঁতুলিয়া দৌড়ে পাড়ি দিচ্ছেন ৩ তরুণ, গড়তে চান রেকর্ড",https://www.prothomalo.com/bangladesh/district/hmxavfbb1e,2026-04-28,"প্রতিষ্ঠান, সংগঠন, নারী, বাধা",4
1004,PROTHOMALO_20260507_121326,Prothom Alo,sports,এবার রিয়াল মাদ্রিদ হওয়ার অপেক্ষায় পিএসজি,https://www.prothomalo.com/sports/football/io5b17f5kn,2026-05-07,"আক্রমণ, সভা",2
1016,PROTHOMALO_20260507_121326,Prothom Alo,sports,সৌদি আরব কেন খেলাধুলা থেকে সরে যাচ্ছে,https://www.prothomalo.com/sports/om7yrba48x,2026-05-07,"মানবাধিকার, প্রতিবেদন, স্বচ্ছতা, অভিযোগ, বেতন",5
349,PROTHOMALO_20260428_211709,Prothom Alo,lifestyle,"ব্লু, হোয়াইট, নাকি গ্রে কলার—জেনে নিন আপনার চাকরির ধরন",https://www.prothomalo.com/lifestyle/0ui6ez3czu,2026-04-28,"প্রতিষ্ঠান, প্রতিবেদন, মিডিয়া, শ্রমিক, বিচার, নীতি, আইন",7
298,PROTHOMALO_20260428_211709,Prothom Alo,business,ঢাকা ব্যাংকের ডিএমডি হলেন এস এম আবদুল্লাহ হিল কাফি,https://www.prothomalo.com/business/corporate/rsh7xqlrlx,2026-04-28,"সংবাদ, নীতি",2
357,PROTHOMALO_20260428_211709,Prothom Alo,durporobash,ক্যানবেরায় বর্ণাঢ্য বৈশাখী মেলা অনুষ্ঠিত,https://nagorik.prothomalo.com/durporobash/083elas5hw,2026-04-28,"নীতি, সভা",2
242,PROTHOMALO_20260428_211709,Prothom Alo,bangladesh,চাঁপাইনবাবগঞ্জে যৌতুকের দাবিতে গৃহবধূকে শ্বাস রোধ করে হত্যার অভিযোগ,https://www.prothomalo.com/bangladesh/district/dguya0sdy3,2026-04-28,"নির্যাতন, অভিযোগ, মামলা, নারী, দাবি",5
1024,PROTHOMALO_20260507_121326,Prothom Alo,bangladesh,পোশাকশ্রমিকের কাজ করে গড়া বাগানে ঝুলছে ২০ জাতের আঙুর,https://www.prothomalo.com/bangladesh/district/ybo6w3rd1t,2026-05-07,"প্রতিবন্ধকতা, শ্রমিক, বেতন",3
251,PROTHOMALO_20260428_211709,Prothom Alo,bangladesh,"নেত্রকোনায় হাওর-বিলে ঢুকছে পানি, আধপাকা ধান কাটছেন কৃষকেরা",https://www.prothomalo.com/bangladesh/district/0u45py8jpt,2026-04-28,"শ্রমিক, দাবি",2
204,PROTHOMALO_20260428_211709,Prothom Alo,bangladesh,প্রধানমন্ত্রীর সঙ্গে রোসাটম মহাপরিচালকের সৌজন্য সাক্ষাৎ,https://www.prothomalo.com/bangladesh/t7q1r0d4pd,2026-04-28,আলোচনা,1
1021,PROTHOMALO_20260507_121326,Prothom Alo,technology,কম্পিউটার বাজারে পণ্যের দাম স্থিতিশীল,https://www.prothomalo.com/technology/bjjfknya1k,2026-05-07,"প্রতিষ্ঠান, ইন্টারনেট",2
1032,PROTHOMALO_20260507_121326,Prothom Alo,bangladesh,"পরমাণু শক্তি কমিশন অফিসার্স অ্যাসোসিয়েশনের সভাপতি মাহবুব, সাধারণ সম্পাদক কিবরিয়া",https://www.prothomalo.com/bangladesh/hisbe9555y,2026-05-07,"প্রতিষ্ঠান, নারী, সভা",3
315,PROTHOMALO_20260428_211709,Prothom Alo,sports,দেম্বেলে নাকি কেইন: আজ রাতে নায়ক কে,https://www.prothomalo.com/sports/football/qaz6upgmqd,2026-04-28,"আলোচনা, আক্রমণ, হুমকি",3
366,PROTHOMALO_20260428_211709,Prothom Alo,technology,"স্যাটেলাইট ছবিতে রহস্যময় সবুজ আভায় দেখা যাচ্ছে বাংলাদেশকে, কেন",https://www.prothomalo.com/technology/science/96qswgxqbc,2026-04-28,"আলোচনা, গবেষণা",2
307,PROTHOMALO_20260428_211709,Prothom Alo,bangladesh,"রিকশাচালক কাবুল ছিলেন একমাত্র উপার্জনক্ষম ব্যক্তি, পরিবার কীভাবে ঋণের কিস্তি দেবে",https://www.prothomalo.com/bangladesh/district/ovxf0o8iju,2026-04-28,"অভিযোগ, মামলা, এনজিও, চাপ, আইন",5
1030,PROTHOMALO_20260507_121326,Prothom Alo,bangladesh,"জগন্নাথের উপাচার্যকে নিয়ে ‘বিতর্কিত মন্তব্য’, প্রতিবাদে সাদা দলের বিবৃতি",https://www.prothomalo.com/bangladesh/cfj29tpq0y,2026-05-07,"প্রতিবাদ, বক্তব্য, বিবৃতি, সংগঠন, বাধা, নীতি, সভা",7
427,PROTHOMALO_20260428_211709,Prothom Alo,chakri,বিসিএসে সাফল্যের রহস্য কি বয়স? পরিসংখ্যানে ২৪ থেকে ২৬ বছর বয়সীদের আধিপত্য,https://www.prothomalo.com/chakri/chakri-news/b3j0h7e98i,2026-04-28,"প্রতিবেদন, আন্দোলন, আলোচনা, নারী, দাবি",5
1028,PROTHOMALO_20260507_121326,Prothom Alo,religion,বিষণ্নতা থেকে মুক্তি পেতে ইসলামের ১০ নির্দেশনা,https://www.prothomalo.com/religion/islam/fq7pobqy82,2026-05-07,চাপ,1
347,PROTHOMALO_20260428_211709,Prothom Alo,business,৪৭৬ কোটি টাকার রেকর্ড মুনাফা এনসিসি ব্যাংকের,https://www.prothomalo.com/business/market/o5rnkhezgh,2026-04-28,"প্রতিবেদন, কানুন, ঘোষণা, সভা, আইন",5
283,PROTHOMALO_20260428_211709,Prothom Alo,world,"দ্বিতীয় দফার ভোটের আগে পশ্চিমবঙ্গে সহিংসতা, ১৫০০ আটক",https://www.prothomalo.com/world/india/d20gjqdjmz,2026-04-28,"বক্তব্য, অভিযোগ, অধিকার, বিচার, মামলা, নারী, বিধি, সভা, আইন",9
305,PROTHOMALO_20260428_211709,Prothom Alo,bangladesh,বরিশাল বিশ্ববিদ্যালয়ে শিক্ষকদের সর্বাত্মক অসহযোগ আন্দোলনের ঘোষণা,https://www.prothomalo.com/bangladesh/district/t9wgryn2tb,2026-04-28,"নীতিমালা, বক্তব্য, আন্দোলন, সংবাদ, ঘোষণা, মতামত, দাবি, নীতি, সভা, আইন",10
297,PROTHOMALO_20260428_211709,Prothom Alo,bangladesh,উপজেলা পরিষদে সংসদ সদস্য অফিস হলে ক্ষমতার দ্বন্দ্ব বাড়তে পারে: বিআইপি,https://www.prothomalo.com/bangladesh/tw9otzet2x,2026-04-28,"প্রতিষ্ঠান, প্রতিবেদন, স্বচ্ছতা, সংগঠন, সংবাদ, বাধা, নীতি, সভা, আইন",9
361,PROTHOMALO_20260428_211709,Prothom Alo,bangladesh,"‘এক সপ্তাহ অচেতন হয়ে পড়ে রইলেন, আমাদের ডাকে আর ফিরলেন না বাবা’",https://www.prothomalo.com/bangladesh/district/t72u10g494,2026-04-28,"বিচার, আইন",2
321,PROTHOMALO_20260428_211709,Prothom Alo,business,সমন্বিত আবাসন: আধুনিক জীবনযাত্রার নতুন দিগন্ত,https://www.prothomalo.com/business/industry/es2713aeow,2026-04-28,"নীতি, চাপ",2
303,PROTHOMALO_20260428_211709,Prothom Alo,bangladesh,নিরাপদ পানির প্রাপ্যতা একটি বড় চ্যালেঞ্জ হয়ে দাঁড়িয়েছে: মির্জা ফখরুল,https://www.prothomalo.com/bangladesh/environment/zohdtdeus0,2026-04-28,"প্রতিষ্ঠান, বক্তব্য, সমবায়, এনজিও, সভা",5
201,PROTHOMALO_20260428_211709,Prothom Alo,bangladesh,দেশে প্রথম আধুনিক ইনসুলিন কার্ট্রিজের উৎপাদন শুরু করল এসকেএফ,https://www.prothomalo.com/bangladesh/8zw0lgsbx3,2026-04-28,"প্রতিষ্ঠান, বক্তব্য, সভা",3
980,PROTHOMALO_20260507_121326,Prothom Alo,bangladesh,"ইয়াবা, কুশ ও কেটামিনের মতো মাদক তৈরি হচ্ছে ঢাকায় ‘মিনি ল্যাবে’, চক্রে বিদেশিরাও",https://www.prothomalo.com/bangladesh/crime/p07n3mwopw,2026-05-07,"গ্রেপ্তার, অভিযোগ, আইন",3
444,PROTHOMALO_20260428_211709,Prothom Alo,world,ইরানের সঙ্গে যুদ্ধে যুক্তরাষ্ট্র ‘অপমানিত’ হচ্ছে: জার্মানির চ্যান্সেলর,https://www.prothomalo.com/world/europe/4xuwxpnudo,2026-04-28,"বক্তব্য, নীতি",2
446,PROTHOMALO_20260428_211709,Prothom Alo,durporobash,প্রথম প্রয়াণ দিবসে কবি দাউদ হায়দারকে স্মরণ–শ্রদ্ধা,https://nagorik.prothomalo.com/durporobash/e9j6c8r7ex,2026-04-28,"স্বাধীনতা, গ্রেপ্তার, আলোচনা, অভিযোগ, বিচার, সংবাদ, সভা",7
445,PROTHOMALO_20260428_211709,Prothom Alo,bangladesh,ডেমরায় বাস-লেগুনা সংঘর্ষে একজন নিহত,https://www.prothomalo.com/bangladesh/capital/uvlevl99b2,2026-04-28,ঘোষণা,1
220,PROTHOMALO_20260428_211709,Prothom Alo,business,নিট মুনাফা না হলেও উৎসাহ বোনাস পাবেন ব্যাংকাররা,https://www.prothomalo.com/business/bank/928mog5tt2,2026-04-28,"নীতিমালা, আলোচনা, সংগঠন, বেতন, দাবি, নীতি",6
400,PROTHOMALO_20260428_211709,Prothom Alo,bangladesh,"কুষ্টিয়ায় অ্যানেসথেসিয়া দেওয়ার পর শিশুর মৃত্যু, দুই চিকিৎসক পুলিশি হেফাজতে",https://www.prothomalo.com/bangladesh/district/vfsuw99gkk,2026-04-28,"প্রতিবেদন, সাংবাদিক, অভিযোগ, বিচার, দাবি, আইন",6
991,PROTHOMALO_20260507_121326,Prothom Alo,opinion,বিজেপির বঙ্গজয় ও অধরা তিস্তার ঝিলিক,https://www.prothomalo.com/opinion/column/l7yirq2kn0,2026-05-07,"প্রতিষ্ঠান, হয়রানি, অধিকার, মতামত, নারী, ভাতা, বাধা, নীতি, সভা, আইন",10
252,PROTHOMALO_20260428_211709,Prothom Alo,bangladesh,যশোরে বিদ্যুতের লাইন টানতে কাটা হয়েছে শতাধিক গাছ,https://www.prothomalo.com/bangladesh/district/052xa2qut0,2026-04-28,"অভিযোগ, বিচার, দাবি",3
1007,PROTHOMALO_20260507_121326,Prothom Alo,opinion,খাবারের মান নিয়ে কোনো আপস নয়,https://www.prothomalo.com/opinion/editorial/vdn8yxl6o1,2026-05-07,"প্রতিষ্ঠান, প্রতিবেদন, অভিযোগ, নীতি",4
363,PROTHOMALO_20260428_211709,Prothom Alo,bangladesh,পাঁচ মামলায় সাবেক প্রধান বিচারপতি খায়রুল হকের জামিন বহাল,https://www.prothomalo.com/bangladesh/pahs81afan,2026-04-28,"গ্রেপ্তার, অভিযোগ, বিচার, মামলা, বাধা, বিধি, নীতি, আইন, দমন",9
285,PROTHOMALO_20260428_211709,Prothom Alo,bangladesh,"হামে শিশুমৃত্যুতে আসকের উদ্বেগ, অতীতের অবহেলায় দায়ীদের জবাবদিহি দাবি",https://www.prothomalo.com/bangladesh/nqekcibz0v,2026-04-28,"প্রান্তিক জনগোষ্ঠী, মানবাধিকার সংগঠন, প্রতিবন্ধকতা, মানবাধিকার, গণমাধ্যম, অধিকার, বিবৃতি, সংগঠন, বাধা, দাবি, নীতি, আইন",12
327,PROTHOMALO_20260428_211709,Prothom Alo,bangladesh,"হাম ও হামের উপসর্গে আরও ৯ শিশুর প্রাণ গেল, ৫ শিশুই ঢাকায়",https://www.prothomalo.com/bangladesh/a4ehzyno4x,2026-04-28,প্রতিবেদন,1
253,PROTHOMALO_20260428_211709,Prothom Alo,video,"কোথায় দুর্নীতি করেছি, সংসদে প্রমাণ দিতে হবে: নাহিদ ইসলাম",https://www.prothomalo.com/video/bangladesh/6ma1ehmfsb,2026-04-28,নীতি,1
231,PROTHOMALO_20260428_211709,Prothom Alo,opinion,ঢাকায় যানজটের মূল সমস্যাটা কোথায়?,https://www.prothomalo.com/opinion/column/3so7ntvcww,2026-04-28,"প্রতিষ্ঠান, নীতি, আইন",3
340,PROTHOMALO_20260428_211709,Prothom Alo,opinion,সৌরবিদ্যুৎ উৎপাদন যেভাবে বাড়ানো যেতে পারে,https://www.prothomalo.com/opinion/column/00p4h07a66,2026-04-28,"প্রতিবন্ধকতা, প্রতিষ্ঠান, স্বচ্ছতা, আন্দোলন, গবেষণা, ঘোষণা, মতামত, আইন",8
356,PROTHOMALO_20260428_211709,Prothom Alo,sports,ট্রাম্পকে দেওয়া ফিফার শান্তি পুরস্কার বাতিলের দাবি নরওয়ে ফুটবলপ্রধানের,https://www.prothomalo.com/sports/football/9fry5cdjhy,2026-04-28,"নীতিমালা, সাংবাদিক, আলোচনা, অভিযোগ, বিচার, দাবি, নীতি, সভা, চাপ, আইন",10
391,PROTHOMALO_20260428_211709,Prothom Alo,business,"আবার কমল সোনার দাম, ভরিতে ২,২১৬ টাকা",https://www.prothomalo.com/business/industry/h2ako4r0w6,2026-04-28,"প্রতিবেদন, সংবাদ",2
416,PROTHOMALO_20260428_211709,Prothom Alo,opinion,ফসলের নিরাপত্তায় কার্যকর পদক্ষেপ জরুরি,https://www.prothomalo.com/opinion/editorial/0umlj1yeru,2026-04-28,আক্রমণ,1
414,PROTHOMALO_20260428_211709,Prothom Alo,bangladesh,"কুষ্টিয়ায় কার্টন খুলতেই বিকট শব্দে বিস্ফোরণ, ভ্যানচালক আহত",https://www.prothomalo.com/bangladesh/district/0h00wcv1uu,2026-04-28,আইন,1
458,PROTHOMALO_20260428_211709,Prothom Alo,bangladesh,"ফরিদপুরে মা–মেয়েকে কুপিয়ে হত্যা, বাঁচাতে আসা প্রতিবেশীও নিহত",https://www.prothomalo.com/bangladesh/district/luzh34jc5s,2026-04-28,অভিযোগ,1
368,PROTHOMALO_20260428_211709,Prothom Alo,world,কীভাবে অবরুদ্ধ হরমুজ প্রণালি পার হলো রাশিয়ার প্রমোদতরি,https://www.prothomalo.com/world/middle-east/oh56vuroqy,2026-04-28,"প্রতিষ্ঠান, আলোচনা, আক্রমণ, ঘোষণা",4
372,PROTHOMALO_20260428_211709,Prothom Alo,bangladesh,"এক হাটের দর উঠেছে ১৪ কোটি টাকা, চার হাটে দরদাতা নেই",https://www.prothomalo.com/bangladesh/capital/3c4qurtbh3,2026-04-28,"প্রতিষ্ঠান, সাংবাদিক, অভিযোগ",3
246,PROTHOMALO_20260428_211709,Prothom Alo,politics,বর্তমান সরকারের আমলে ৪৬৪টি হত্যা ও ৬৬৬টি ধর্ষণ মামলা হয়েছে: সংসদে স্বরাষ্ট্রমন্ত্রী,https://www.prothomalo.com/politics/q1b7z5w717,2026-04-28,"মানবাধিকার, গ্রেপ্তার, প্রতিবেদন, অভিযোগ, নিপীড়ন, বিচার, মামলা, দাবি, নীতি, সভা, আইন",11
369,PROTHOMALO_20260428_211709,Prothom Alo,bangladesh,হামে আক্রান্ত শিশুরা পাঁচ ধরনের জটিলতার ঝুঁকিতে,https://www.prothomalo.com/bangladesh/bnbj6hnv65,2026-04-28,"প্রতিষ্ঠান, প্রতিবন্ধী, আলোচনা, গবেষণা, এনজিও",5
441,PROTHOMALO_20260428_211709,Prothom Alo,religion,ক্ষমা করার পদ্ধতি শেখায় কোরআনের ১০ আয়াত,https://www.prothomalo.com/religion/islam/krlwqoyaiq,2026-04-28,"অধিকার, নীতি",2
339,PROTHOMALO_20260428_211709,Prothom Alo,world,"ইরানের প্রস্তাবে খুশি নন ট্রাম্প, শান্তি আলোচনায় অচলাবস্থা",https://www.prothomalo.com/world/middle-east/c2ezi1zuer,2026-04-28,"আলোচনা, আক্রমণ, সংবাদ, বাধা, চাপ",5
243,PROTHOMALO_20260428_211709,Prothom Alo,bangladesh,‘ক্ষমাসুন্দর দৃষ্টিতে’ দেখার আবেদন ঠিকাদারের,https://www.prothomalo.com/bangladesh/district/e667b8c77x,2026-04-28,"প্রতিষ্ঠান, প্রতিবেদন, অভিযোগ, মতামত, দাবি",5
344,PROTHOMALO_20260428_211709,Prothom Alo,business,চমক দেখাচ্ছে দেশীয় প্রতিষ্ঠান,https://www.prothomalo.com/business/industry/kud3h7l3rp,2026-04-28,"প্রতিষ্ঠান, চাপ",2
335,PROTHOMALO_20260428_211709,Prothom Alo,opinion,হামে শিশুমৃত্যু: করোনা মহামারি থেকে আমরা কী শিক্ষা নিলাম,https://www.prothomalo.com/opinion/column/wildx1ndms,2026-04-28,"প্রতিষ্ঠান, আক্রমণ, বিবৃতি, সংবাদ, নীতি, সভা, চাপ",7
410,PROTHOMALO_20260428_211709,Prothom Alo,entertainment,"‘রিসোর্ট’ নিয়ে তুমুল বিতর্ক, নেপথ্যে কী",https://www.prothomalo.com/entertainment/bollywood/0yuofuv2oh,2026-04-28,"বক্তব্য, অভিযোগ, শ্রমিক, মামলা, দাবি, চাপ",6
428,PROTHOMALO_20260428_211709,Prothom Alo,education,"জাপানে স্কলারশিপ, আবেদন স্নাতক-স্নাতকোত্তর-পিএইচডিতে",https://www.prothomalo.com/education/scholarship/o59q38yzjn,2026-04-28,"প্রতিষ্ঠান, বিবৃতি, অনলাইন",3
355,PROTHOMALO_20260428_211709,Prothom Alo,world,ক্যাম্পাসের বাইরে বাসা ভাড়া নিয়ে আতঙ্কে সাউথ ফ্লোরিডা বিশ্ববিদ্যালয়ের শিক্ষার্থীরা,https://www.prothomalo.com/world/usa/6bdkv52t6b,2026-04-28,"গ্রেপ্তার, অভিযোগ, বিবৃতি, দাবি",4
230,PROTHOMALO_20260428_211709,Prothom Alo,business,রূপালী ব্যাংকের পরিচালক হলেন বাংলাদেশ ব্যাংকের সাবেক নির্বাহী পরিচালক সাইফুল ইসলাম,https://www.prothomalo.com/business/bank/r9jtn4z4w0,2026-04-28,"প্রতিষ্ঠান, বিধি, নীতি, আইন",4
301,PROTHOMALO_20260428_211709,Prothom Alo,bangladesh,"রূপপুরে চুল্লিতে দেওয়া হলো ইউরেনিয়াম, পারমাণবিক বিদ্যুৎ উৎপাদনের পথে বাংলাদেশ",https://www.prothomalo.com/bangladesh/district/w3ql9tny5m,2026-04-28,"প্রতিষ্ঠান, বক্তব্য, আলোচনা, অধিকার",4
222,PROTHOMALO_20260428_211709,Prothom Alo,bangladesh,রাজধানীতে মোটরসাইকেলে এসে গুলি করে যুবককে হত্যা,https://www.prothomalo.com/bangladesh/crime/zc4s09dbed,2026-04-28,ঘোষণা,1
1006,PROTHOMALO_20260507_121326,Prothom Alo,world,"পশ্চিমবঙ্গে ৪৮ ঘণ্টায় ২০০ এফআইআর, গ্রেপ্তার ৪৩৩, আটক ১১০০",https://www.prothomalo.com/world/india/7kkganu8mu,2026-05-07,"গ্রেপ্তার, আলোচনা, অভিযোগ, ভয়ভীতি, অধিকার, হুমকি, মামলা, ঘোষণা, সভা, আইন",10
381,PROTHOMALO_20260428_211709,Prothom Alo,business,সিটি ব্যাংক-ওয়াটার ডট ওআরজির নতুন উদ্যোগ,https://www.prothomalo.com/business/corporate/f6b787gbsi,2026-04-28,"প্রতিষ্ঠান, সংবাদ",2
1008,PROTHOMALO_20260507_121326,Prothom Alo,bangladesh,সিলেটে বিজ্ঞপ্তি দিয়ে গরুর মালিককে খুঁজছে পুলিশ,https://www.prothomalo.com/bangladesh/district/7y0ejz8ljs,2026-05-07,"গণমাধ্যম, সংবাদ",2
1005,PROTHOMALO_20260507_121326,Prothom Alo,sports,টি–টুয়েন্টিতে ২০০ রানের বেশি লক্ষ্য—এ আর এমন কী!,https://www.prothomalo.com/sports/cricket/kgodtgmxru,2026-05-07,প্রতিবেদন,1
377,PROTHOMALO_20260428_211709,Prothom Alo,business,এগলাল’স এবিসি চ্যারিটি স্কুলের পাশে শেল্টেক্,https://www.prothomalo.com/business/corporate/aqpwdlqcwz,2026-04-28,সংবাদ,1
1012,PROTHOMALO_20260507_121326,Prothom Alo,business,দুই কোম্পানিতে বিনিয়োগের টাকা ফেরত আনতে হবে ভ্যানগার্ডকে,https://www.prothomalo.com/business/market/8b4x74nvj5,2026-05-07,"প্রতিষ্ঠান, সভা, আইন",3
217,PROTHOMALO_20260428_211709,Prothom Alo,bangladesh,বাঁধের ভেতরে ‘একটুকরা ধানের রাজ্য’,https://www.prothomalo.com/bangladesh/district/kzch1p40jj,2026-04-28,শ্রমিক,1
453,PROTHOMALO_20260428_211709,Prothom Alo,bangladesh,অবৈধভাবে বিদেশি পণ্য বিক্রির মামলায় দুই চীনা নাগরিকসহ তিনজন কারাগারে,https://www.prothomalo.com/bangladesh/3go8xpul6w,2026-04-28,"অভিযোগ, মামলা, সংবাদ, আইন",4
994,PROTHOMALO_20260507_121326,Prothom Alo,bangladesh,খাগড়াছড়িতে ইউপিডিএফ গণতান্ত্রিকের সদস্যকে গুলি করে হত্যা,https://www.prothomalo.com/bangladesh/district/jfczcgqjku,2026-05-07,"বক্তব্য, অভিযোগ, সংগঠন, দাবি",4
987,PROTHOMALO_20260507_121326,Prothom Alo,sports,"যানজটে আটকে ছিলেন ক্রিকেটাররা, ম্যাচ শুরু হতে আধঘণ্টা দেরি",https://www.prothomalo.com/sports/cricket/zsxlzokz19,2026-05-07,"প্রতিষ্ঠান, প্রতিবেদন",2
250,PROTHOMALO_20260428_211709,Prothom Alo,technology,সাড়ে ৬ মিনিটেই ৯৮ শতাংশ চার্জ করা যাবে বৈদ্যুতিক গাড়ির ব্যাটারি,https://www.prothomalo.com/technology/automobiles/rgmja5ziqo,2026-04-28,"প্রতিষ্ঠান, ঘোষণা, দাবি",3
319,PROTHOMALO_20260428_211709,Prothom Alo,technology,ডিজিটাল শিক্ষার প্রসারে একসঙ্গে কাজ করবে গ্রামীণফোন ও শিখো,https://www.prothomalo.com/technology/jgpkiuiee3,2026-04-28,"প্রতিষ্ঠান, অনলাইন, সংবাদ, বাধা",4
985,PROTHOMALO_20260507_121326,Prothom Alo,bangladesh,"কালবৈশাখীর তাণ্ডবে জয়পুরহাটে বিদ্যুৎহীন ৭৫ গ্রাম, দুর্ভোগে ৩০ হাজার গ্রাহক",https://www.prothomalo.com/bangladesh/district/rsbdgz4z8q,2026-05-07,সভা,1
977,PROTHOMALO_20260507_121326,Prothom Alo,bangladesh,তিন হাসপাতাল ঘুরে ৫ মাস বয়সী সন্তানের মরদেহ নিয়ে ফিরলেন মা–বাবা,https://www.prothomalo.com/bangladesh/jgdk8dw88m,2026-05-07,"প্রতিবেদন, ঘোষণা",2
1010,PROTHOMALO_20260507_121326,Prothom Alo,bangladesh,"এত বৃষ্টি হয়ে কী হলো, বায়ুদূষণে বিশ্বে শীর্ষে ঢাকা",https://www.prothomalo.com/bangladesh/environment/hgzkebde0u,2026-05-07,"প্রতিষ্ঠান, আইন",2
203,PROTHOMALO_20260428_211709,Prothom Alo,lifestyle,অ্যাডেনোমায়োসিস: নারীদের যন্ত্রণা–বেদনার আরেক নাম,https://www.prothomalo.com/lifestyle/health/ro6a9fxmpg,2026-04-28,"গণমাধ্যম, আলোচনা, নারী",3
228,PROTHOMALO_20260428_211709,Prothom Alo,bangladesh,"আক্কেলপুরে একটি মাদ্রাসার একমাত্র দাখিল পরীক্ষার্থী, নকল করায় সেও বহিষ্কার",https://www.prothomalo.com/bangladesh/district/t094mk0cj5,2026-04-28,"প্রতিষ্ঠান, অভিযোগ, বিধি",3
346,PROTHOMALO_20260428_211709,Prothom Alo,sports,"আলিসন চোটে, এদেরসন ফর্মে নেই, বিশ্বকাপে ব্রাজিলের গোলবারের নিচে কে",https://www.prothomalo.com/sports/football/95z7v4rk90,2026-04-28,"সাংবাদিক, আলোচনা, আক্রমণ, বিচার, ঘোষণা, দাবি",6
294,PROTHOMALO_20260428_211709,Prothom Alo,religion,মহানবী (সা.) কতটা সাধারণ জীবন যাপন করতেন,https://www.prothomalo.com/religion/islam/ry8vdc9tpp,2026-04-28,অভিযোগ,1
370,PROTHOMALO_20260428_211709,Prothom Alo,sports,প্যারিসে কি আজ গোল উৎসব,https://www.prothomalo.com/sports/football/0drb7ytwfu,2026-04-28,"বিচার, বাধা",2
267,PROTHOMALO_20260428_211709,Prothom Alo,education,"জাতীয় বিশ্ববিদ্যালয়ে অকৃতকার্যদের নতুন সিলেবাসে পরীক্ষা, ইনকোর্স নম্বর এন্ট্রির সময় বৃদ্ধি",https://www.prothomalo.com/education/eqdo9i57m5,2026-04-28,অনলাইন,1
229,PROTHOMALO_20260428_211709,Prothom Alo,bangladesh,"তিন মাসে নিহত ১৮৬ শ্রমিক, কর্মক্ষেত্রে নিরাপত্তা জোরদারের আহ্বান",https://www.prothomalo.com/bangladesh/sfzbjpr6dk,2026-04-28,"উন্নয়ন সংস্থা, শ্রমিক সংগঠন, ট্রেড ইউনিয়ন, মানবাধিকার, আলোচনা, শ্রমিক, গবেষণা, সংগঠন, সংবাদ, নারী, নীতি, সভা, আইন",13
304,PROTHOMALO_20260428_211709,Prothom Alo,world,ওয়াশিংটনে নৈশভোজে গুলির ঘটনায় আটক অ্যালেনের বিরুদ্ধে ট্রাম্পকে হত্যাচেষ্টার অভিযোগ,https://www.prothomalo.com/world/usa/5sejfv6ezt,2026-04-28,"প্রতিষ্ঠান, গ্রেপ্তার, সাংবাদিক, সমাবেশ, অভিযোগ, বিচার, নীতি, আইন",8
1023,PROTHOMALO_20260507_121326,Prothom Alo,opinion,গেরুয়ার এই জয় পশ্চিমবঙ্গকে যেভাবে ভেতর থেকে বদলে দেবে,https://www.prothomalo.com/opinion/column/qatxykteum,2026-05-07,"প্রতিষ্ঠান, স্বচ্ছতা, অভিযোগ, অধিকার, হুমকি, নীতি, সভা",7
448,PROTHOMALO_20260428_211709,Prothom Alo,bangladesh,সাবেক সংসদ সদস্য আবদুস সোবহানকে গ্রেপ্তার দেখাল ট্রাইব্যুনাল,https://www.prothomalo.com/bangladesh/eu99c0shp5,2026-04-28,"গ্রেপ্তার, অভিযোগ, বিচার, মামলা",4
1009,PROTHOMALO_20260507_121326,Prothom Alo,opinion,তরুণদের প্রযুক্তি প্রশিক্ষণে প্রশংসনীয় উদ্যোগ,https://www.prothomalo.com/opinion/editorial/hcj7ahvf9n,2026-05-07,"নাগরিক সমাজ, প্রতিষ্ঠান",2
438,PROTHOMALO_20260428_211709,Prothom Alo,bangladesh,"পারমাণবিক বিদ্যুৎ উৎপাদনের পথে বাংলাদেশ, রূপপুরে জ্বালানি ব্যবহার শুরু হচ্ছে আজ",https://www.prothomalo.com/bangladesh/ud1r7hck3s,2026-04-28,"প্রতিষ্ঠান, অধিকার, নীতি",3
258,PROTHOMALO_20260428_211709,Prothom Alo,opinion,নিজেদের গড়া বিশ্ব বাণিজ্য সংস্থাকে কেন বদলাতে চায় যুক্তরাষ্ট্র,https://www.prothomalo.com/opinion/column/rdl1sw58e0,2026-04-28,"প্রতিষ্ঠান, মানবাধিকার, প্রতিবাদ, অভিযোগ, অধিকার, হুমকি, মতামত, বাধা, দাবি, নীতি",10
450,PROTHOMALO_20260428_211709,Prothom Alo,bangladesh,৫ আগস্ট ওভারব্রিজে দাঁড়ানো রিতার মাথার পেছনে গুলি লাগে,https://www.prothomalo.com/bangladesh/q53llyk266,2026-04-28,"আইন, গ্রেপ্তার, মামলা, ঘোষণা, মিছিল",5
1034,PROTHOMALO_20260507_121326,Prothom Alo,world,যুদ্ধ বন্ধে সমঝোতার পথে যুক্তরাষ্ট্র–ইরান,https://www.prothomalo.com/world/middle-east/d4ylzxn6dh,2026-05-07,"প্রতিষ্ঠান, বক্তব্য, আলোচনা, আক্রমণ, গবেষণা, সংবাদ, ঘোষণা, দাবি, বিধি, চাপ",10
389,PROTHOMALO_20260428_211709,Prothom Alo,chakri,"ইস্টার্ন ব্যাংক নেবে ট্রেইনি অফিসার, স্নাতক পাসে আবেদন, বেতন ৩১ হাজার টাকা",https://www.prothomalo.com/chakri/employment/dprl76078p,2026-04-28,"নীতিমালা, অনলাইন, বেতন, নীতি",4
996,PROTHOMALO_20260507_121326,Prothom Alo,education,"গুচ্ছভুক্ত ভর্তির ‘সাবজেক্ট চয়েস’ শুরু, চূড়ান্ত ভর্তি ৭-১১ জুন",https://www.prothomalo.com/education/examination/pje34f81f6,2026-05-07,"মিডিয়া, অনলাইন, ঘোষণা, সভা",4
330,PROTHOMALO_20260428_211709,Prothom Alo,sports,বিশ্বকাপে ড্রোন হামলার শঙ্কা: ন্যাশনাল গার্ড মোতায়েনের আহ্বান মার্কিন আইনপ্রণেতাদের,https://www.prothomalo.com/sports/football/ktdzwo718v,2026-04-28,"বক্তব্য, বিবৃতি, হুমকি, বিচার, আইন",5
237,PROTHOMALO_20260428_211709,Prothom Alo,durporobash,"৩৫তম নিউইয়র্ক আন্তর্জাতিক বাংলা বইমেলার নতুন লোগো উন্মোচন, আয়োজন ২২–২৫ মে",https://nagorik.prothomalo.com/durporobash/v2hi20wxry,2026-04-28,"প্রতিষ্ঠান, আলোচনা, সমাবেশ",3
451,PROTHOMALO_20260428_211709,Prothom Alo,world,দ্বিতীয় দফা ভোটের প্রচারের শেষ দিনে কলকাতায় মমতা-শুভেন্দুর শোডাউন,https://www.prothomalo.com/world/india/y2vno2sedy,2026-04-28,"অধিকার, ঘোষণা, মিছিল, সভা",4
323,PROTHOMALO_20260428_211709,Prothom Alo,business,আবাসনে মানসম্মত বিনিয়োগে শেল্টেক্,https://www.prothomalo.com/business/industry/5xh2x1cekd,2026-04-28,প্রতিষ্ঠান,1
337,PROTHOMALO_20260428_211709,Prothom Alo,bangladesh,"বৃষ্টিতে সড়কের কোথাও হাঁটু, কোথাও বুকসমান পানি, ভোগান্তিতে মানুষ",https://www.prothomalo.com/bangladesh/district/lljjargg6h,2026-04-28,হিজড়া,1
320,PROTHOMALO_20260428_211709,Prothom Alo,onnoalo,অরার সন্ধানে: রঘু রাইয়ের আলোকচিত্রের অন্তর্ময় জগত,https://www.prothomalo.com/onnoalo/treatise/83k6i1r2qa,2026-04-28,"সাংবাদিকতা, স্বাধীনতা, প্রতিবেদন, সাংবাদিক, সমাবেশ, অভিযোগ, শ্রমিক, গবেষণা, সংগঠন, নারী, দাবি, সভা, দমন",13
375,PROTHOMALO_20260428_211709,Prothom Alo,bangladesh,"বজ্রপাতে মাদ্রাসাছাত্রীর মৃত্যু বলে প্রচার পরিবারের, তদন্তে বেরিয়ে এল আত্মহত্যা",https://www.prothomalo.com/bangladesh/district/dn2if8n282,2026-04-28,"গণমাধ্যমকর্মী, প্রতিবেদন, গণমাধ্যম, মামলা, সংবাদ, নারী, আইন",7
415,PROTHOMALO_20260428_211709,Prothom Alo,opinion,অন্য অযৌক্তিক সুবিধাও বাতিল করা প্রয়োজন,https://www.prothomalo.com/opinion/editorial/r8ozu5yex2,2026-04-28,"আলোচনা, ভাতা, বেতন, দাবি, আইন",5
399,PROTHOMALO_20260428_211709,Prothom Alo,opinion,‘পরিকল্পিত’ মব সহিংসতায় সরকারের অবস্থান কী,https://www.prothomalo.com/opinion/column/on7g23dcp3,2026-04-28,"নাগরিক অধিকার, প্রতিষ্ঠান, গ্রেপ্তার, প্রতিবেদন, আন্দোলন, আলোচনা, গবেষণা, অধিকার, বিবৃতি, বিচার, মামলা, সংবাদ, ঘোষণা, মতামত, দাবি, নীতি, আইন",17
238,PROTHOMALO_20260428_211709,Prothom Alo,bangladesh,"দেশে জঙ্গি আছে, সেটা শূন্যের কোঠায় নামিয়ে আনার চেষ্টা করবে সরকার: প্রধানমন্ত্রীর তথ্য উপদেষ্টা",https://www.prothomalo.com/bangladesh/ebqqg4f5yh,2026-04-28,সাংবাদিক,1
408,PROTHOMALO_20260428_211709,Prothom Alo,sports,"মৌসুম শেষ মদরিচেরও, বিশ্বকাপে দেখা যেতে পারে ভিন্ন রূপে",https://www.prothomalo.com/sports/football/ikxuk3knko,2026-04-28,বিবৃতি,1
289,PROTHOMALO_20260428_211709,Prothom Alo,sports,স্বর্ণার ফিফটির পরও বড় হার,https://www.prothomalo.com/sports/cricket/azl6tgy46o,2026-04-28,"নারী, চাপ",2
268,PROTHOMALO_20260428_211709,Prothom Alo,education,ইউআইইউতে ‘ওয়াটার রাইটস ইন বাংলাদেশ’ শীর্ষক জাতীয় সেমিনার অনুষ্ঠিত,https://www.prothomalo.com/education/mcoyp1qrdd,2026-04-28,"প্রতিবন্ধকতা, নাগরিক সমাজ, প্রতিষ্ঠান, ন্যায়বিচার, সাংবাদিক, বক্তব্য, আলোচনা, গবেষণা, অধিকার, সমবায়, বিচার, নীতি, সভা",13
452,PROTHOMALO_20260428_211709,Prothom Alo,bangladesh,মিরপুরে পর্নোগ্রাফি বিক্রির অভিযোগে তরুণ গ্রেপ্তার,https://www.prothomalo.com/bangladesh/crime/7tzbrkwqls,2026-04-28,"গ্রেপ্তার, অভিযোগ, অনলাইন, মামলা, সংবাদ, আইন",6
982,PROTHOMALO_20260507_121326,Prothom Alo,world,ফ্লোরিডায় নাহিদা বৃষ্টির প্রথম জানাজা সম্পন্ন,https://www.prothomalo.com/world/usa/ghvmhnjpqq,2026-05-07,"গ্রেপ্তার, বিচার",2
401,PROTHOMALO_20260428_211709,Prothom Alo,entertainment,হিন্দি সিনেমার আলোচিত অভিনেতার মৃত্যু,https://www.prothomalo.com/entertainment/bollywood/jz16xbfwtk,2026-04-28,"গণমাধ্যম, সংবাদ, আইন",3
235,PROTHOMALO_20260428_211709,Prothom Alo,bangladesh,এনবিআর-আত্মা প্রাক্‌-বাজেট আলোচনা: সিগারেটের দাম বাড়ালে ৪৪ হাজার কোটি টাকা বাড়তি রাজস্ব,https://www.prothomalo.com/bangladesh/jroys6rgjp,2026-04-28,"আলোচনা, মিডিয়া, অনলাইন, সংগঠন, সভা",5
306,PROTHOMALO_20260428_211709,Prothom Alo,bangladesh,অসচ্ছল মানুষের ন্যায়বিচার প্রাপ্তি নিশ্চিতে সরকার সুনির্দিষ্ট পরিকল্পনা নিয়েছে: প্রধানমন্ত্রী,https://www.prothomalo.com/bangladesh/mlajt1vi43,2026-04-28,"প্রতিষ্ঠান, ন্যায়বিচার, মানবাধিকার, অধিকার, বিচার, মামলা, ঘোষণা, নীতি, চাপ, আইন",10
286,PROTHOMALO_20260428_211709,Prothom Alo,chakri,শীর্ষ নির্বাহীদের স্বীকারোক্তি: এআই এখনো বদলাতে পারেনি চিত্র,https://www.prothomalo.com/chakri/chakri-news/8p8plylyo3,2026-04-28,"প্রতিষ্ঠান, আলোচনা, গবেষণা, মতামত, নীতি",5
376,PROTHOMALO_20260428_211709,Prothom Alo,bangladesh,প্রধানমন্ত্রীর সঙ্গে সৌজন্য সাক্ষাৎ রোসাটম মহাপরিচালকের,https://www.prothomalo.com/bangladesh/2j6opgd9wd,2026-04-28,প্রতিষ্ঠান,1
1022,PROTHOMALO_20260507_121326,Prothom Alo,lifestyle,"কোন শিশুরা পরবর্তী জীবনে সফল ও সুখী হয়, হার্ভার্ডের ৭৫ বছরের গবেষণা কী বলছে জানুন",https://www.prothomalo.com/lifestyle/842m9mmfj9,2026-05-07,"গবেষণা, চাপ",2
279,PROTHOMALO_20260428_211709,Prothom Alo,entertainment,"বিচ্ছেদ, বিরল রোগের সঙ্গে লড়াই পেরিয়ে নতুন সামান্থা",https://www.prothomalo.com/entertainment/bollywood/hb85rd27ov,2026-04-28,"বক্তব্য, আলোচনা, বিচার",3
990,PROTHOMALO_20260507_121326,Prothom Alo,world,রোবট যাত্রীর জন্য উড়তে দেরি করল উড়োজাহাজ,https://www.prothomalo.com/world/usa/pk42xrxjga,2026-05-07,"নীতিমালা, নীতি",2
214,PROTHOMALO_20260428_211709,Prothom Alo,politics,সেই জানালা দিয়ে সম্ভবত এস আলম এসে পড়বে: সংসদে জামায়াতের সাইফুল আলম,https://www.prothomalo.com/politics/a51zb8w6fo,2026-04-28,"আইন সংশোধন, মানবাধিকার, স্বাধীনতা, গ্রেপ্তার, প্রতিবেদন, গণমাধ্যম, বক্তব্য, আন্দোলন, আলোচনা, বিচার, মামলা, দাবি, নীতি, আইন",14
338,PROTHOMALO_20260428_211709,Prothom Alo,politics,বাংলাদেশে নির্বাচনে স্বচ্ছতা–বিশ্বাসযোগ্যতা নিশ্চিতে ইইউ মিশনের ১৯ সুপারিশ,https://www.prothomalo.com/politics/w0wue5fk1s,2026-04-28,"প্রতিবেদন, স্বচ্ছতা, অভিযোগ, সংবাদ",4
202,PROTHOMALO_20260428_211709,Prothom Alo,bangladesh,প্রধানমন্ত্রীর সঙ্গে শেভরনের প্রতিনিধিদলের সাক্ষাৎ,https://www.prothomalo.com/bangladesh/fzy8w4ylnc,2026-04-28,দমন,1
419,PROTHOMALO_20260428_211709,Prothom Alo,bangladesh,"এত বৃষ্টি, তারপরও বায়ুদূষণে বিশ্বে ষষ্ঠ ঢাকা",https://www.prothomalo.com/bangladesh/environment/8y05wohur5,2026-04-28,প্রতিষ্ঠান,1
358,PROTHOMALO_20260428_211709,Prothom Alo,business,ফ্যামিলি কার্ডে ব্যয় হবে ১ লাখ ৩৪ হাজার কোটি টাকা,https://www.prothomalo.com/business/economics/8ch499vzb1,2026-04-28,"সাংবাদিক, গবেষণা, অনলাইন, নারী, সভা",5
412,PROTHOMALO_20260428_211709,Prothom Alo,business,গ্রাহকেরা সঞ্চয়পত্র কেনার চেয়ে ভাঙছেন বেশি,https://www.prothomalo.com/business/economics/m6mbdps4u0,2026-04-28,"প্রতিষ্ঠান, বাধা, চাপ",3
989,PROTHOMALO_20260507_121326,Prothom Alo,technology,উড়োজাহাজ কেন অ্যান্টার্কটিকা এড়িয়ে চলে,https://www.prothomalo.com/technology/science/wjdkmrqk30,2026-05-07,"গবেষণা, বিধি, নীতি",3
457,PROTHOMALO_20260428_211709,Prothom Alo,entertainment,"মুক্তির আগে সম্মানী–বিতর্ক! রোশান ক্ষুব্ধ, নীরব বুবলী",https://www.prothomalo.com/entertainment/dhallywood/0s3hhfd9dx,2026-04-28,"প্রতিষ্ঠান, মিডিয়া, অভিযোগ, ঘোষণা",4
281,PROTHOMALO_20260428_211709,Prothom Alo,education,এসএসসি পরীক্ষা ২০২৬। তথ্য ও যোগাযোগ প্রযুক্তি: মডেল টেস্ট–১,https://www.prothomalo.com/education/examination/46ibr7piyt,2026-04-28,"তথ্য অধিকার আইন, মিডিয়া, অধিকার, আইন",4
259,PROTHOMALO_20260428_211709,Prothom Alo,bangladesh,ঢাকা বিশ্ববিদ্যালয়ের থিয়েটার বিভাগের শিক্ষার্থীদের ক্লাস-পরীক্ষা বর্জন,https://www.prothomalo.com/bangladesh/k6u0jyhi1c,2026-04-28,"স্মারকলিপি, গ্রেপ্তার, গণমাধ্যম, নীতিমালা, আন্দোলন, আলোচনা, সমাবেশ, অভিযোগ, নিপীড়ন, বিচার, মামলা, সংবাদ, ঘোষণা, দাবি, নীতি, আইন",16
232,PROTHOMALO_20260428_211709,Prothom Alo,business,"বাণিজ্য চুক্তি নিয়ে যা বললেন মার্কিন রাষ্ট্রদূত, কী কী পণ্য আমদানির প্রতিশ্রুতি আছে",https://www.prothomalo.com/business/economics/4zh8pa0rqc,2026-04-28,"প্রতিষ্ঠান, ইন্টারনেট, বক্তব্য, বাধা, নীতি, সভা",6
409,PROTHOMALO_20260428_211709,Prothom Alo,lifestyle,বাটিক কিনতে রসমালাইয়ের দেশ কুমিল্লায় যাবেন নাকি,https://www.prothomalo.com/lifestyle/shopping/93uh2ahgjd,2026-04-28,"প্রতিষ্ঠান, অনলাইন",2
288,PROTHOMALO_20260428_211709,Prothom Alo,reader,ঢাকায় নর্ডিক দূতাবাসের যৌথ উদ্যোগে ফটো প্রতিযোগিতা,https://nagorik.prothomalo.com/reader/lt3h2i7bmp,2026-04-28,"মতপ্রকাশের স্বাধীনতা, সাংবাদিকতা, স্বাধীনতা, গণমাধ্যম, মতপ্রকাশ, সাংবাদিক, ঘোষণা",7
1038,PROTHOMALO_20260507_121326,Prothom Alo,bangladesh,"বাংলাদেশ-চীনের বন্ধুত্বপূর্ণ সম্পর্ক, সহযোগিতা গভীর করার অঙ্গীকার",https://www.prothomalo.com/bangladesh/c65s3rowwg,2026-05-07,"আলোচনা, সংবাদ, নীতি",3
324,PROTHOMALO_20260428_211709,Prothom Alo,bangladesh,"লিগ্যাল এইডে দ্রুত মীমাংসা, কমছে মামলার চাপ",https://www.prothomalo.com/bangladesh/yubdkfob0g,2026-04-28,"তৃতীয় লিঙ্গ, নির্যাতন, অভিযোগ, অধিকার, বিচার, মামলা, নারী, চাপ, আইন",9
212,PROTHOMALO_20260428_211709,Prothom Alo,bangladesh,অবৈধভাবে দেশে ফেরার সময় ঠাকুরগাঁও সীমান্তে আটক দুই বাংলাদেশিকে ফেরত দিল বিএসএফ,https://www.prothomalo.com/bangladesh/district/na8x2emo6v,2026-04-28,আইন,1
404,PROTHOMALO_20260428_211709,Prothom Alo,bangladesh,"আদালতে চার আসামির স্বীকারোক্তি, একজন তিন দিনের রিমান্ডে",https://www.prothomalo.com/bangladesh/district/7w7ldtjnuu,2026-04-28,"গ্রেপ্তার, বিচার, মামলা, সংবাদ",4
981,PROTHOMALO_20260507_121326,Prothom Alo,business,"টানা দুই দিন বাড়ল সোনার দাম, আজ ভরিতে ২,২১৬ টাকা",https://www.prothomalo.com/business/industry/6gddy83wpm,2026-05-07,সংবাদ,1
1001,PROTHOMALO_20260507_121326,Prothom Alo,business,বহুজাতিক এক ব্যাংকের মুনাফার অর্থে বিদেশি বিনিয়োগে বড় লাফ,https://www.prothomalo.com/business/economics/m6mxqomeiu,2026-05-07,"প্রতিষ্ঠান, প্রতিবেদন, সংগঠন, নীতি, সভা",5
997,PROTHOMALO_20260507_121326,Prothom Alo,world,"যুদ্ধবিরতির পর বৈরুতের দক্ষিণ উপকণ্ঠে প্রথম ইসরায়েলি হামলা, হিজবুল্লাহ কমান্ডারকে হত্যার দাবি",https://www.prothomalo.com/world/middle-east/o0x343jqrz,2026-05-07,"অভিযোগ, অধিকার, হুমকি, সংগঠন, সংবাদ, দাবি",6
353,PROTHOMALO_20260428_211709,Prothom Alo,bangladesh,"নেত্রকোনায় বাড়ছে নদ-নদীর পানি, ধান ঘরে তোলা নিয়ে আশঙ্কায় হাওরের কৃষক",https://www.prothomalo.com/bangladesh/district/drjna7xtcz,2026-04-28,"শ্রমিক, হুমকি",2
249,PROTHOMALO_20260428_211709,Prothom Alo,business,ট্রাস্ট ব্যাংকের ইউনিয়নপে ডেবিট ও ক্রেডিট কার্ড চালু,https://www.prothomalo.com/business/corporate/lrw6hl3o8q,2026-04-28,সংবাদ,1
1029,PROTHOMALO_20260507_121326,Prothom Alo,sports,বায়ার্নকে বিদায় করে টানা দ্বিতীয়বার ফাইনালে পিএসজি,https://www.prothomalo.com/sports/football/fl8pi2ldga,2026-05-07,"আক্রমণ, দাবি, আইন",3
388,PROTHOMALO_20260428_211709,Prothom Alo,world,রোবট হারিয়ে দিচ্ছে পেশাদার টেবিল টেনিস খেলোয়াড়কে,https://www.prothomalo.com/world/asia/6pmv7ar18w,2026-04-28,"গবেষণা প্রতিবেদন, প্রতিবেদন, গবেষণা",3
296,PROTHOMALO_20260428_211709,Prothom Alo,chakri,"দিনাজপুর কর অঞ্চলে চাকরি, পদ ১২২",https://www.prothomalo.com/chakri/employment/r97pm14stg,2026-04-28,বেতন,1
984,PROTHOMALO_20260507_121326,Prothom Alo,bangladesh,রংপুরে সেচঘর থেকে কৃষকের পা বাঁধা রক্তাক্ত মরদেহ উদ্ধার,https://www.prothomalo.com/bangladesh/district/t2rg0a344y,2026-05-07,বাধা,1
1000,PROTHOMALO_20260507_121326,Prothom Alo,lifestyle,জিনসের পকেটে এই ছোট্ট ধাতব বোতাম থাকে কেন,https://www.prothomalo.com/lifestyle/fashion/nfawfoa66k,2026-05-07,"শ্রমিক, অধিকার",2
992,PROTHOMALO_20260507_121326,Prothom Alo,roundtable,উচ্চ রক্তচাপের ঝুঁকি অনেকটা কমাতে পারে সচেতনতা,https://www.prothomalo.com/roundtable/esl3fm4a1l,2026-05-07,"আলোচনা, নারী, সভা, চাপ",4
225,PROTHOMALO_20260428_211709,Prothom Alo,bangladesh,"বৃষ্টিতে ডুবেছে শহর, মোমবাতির আলোয় এসএসসি পরীক্ষা",https://www.prothomalo.com/bangladesh/district/yro5xu5u64,2026-04-28,"অভিযোগ, বাধা, সভা",3
418,PROTHOMALO_20260428_211709,Prothom Alo,onnoalo,সাত বছর পর নিউইয়র্ক সিটিতে ফিরল বুককন,https://www.prothomalo.com/onnoalo/others/wk7z9on21v,2026-04-28,প্রতিষ্ঠান,1
245,PROTHOMALO_20260428_211709,Prothom Alo,bangladesh,জবির প্রাক্তন শিক্ষার্থী বুলেট বৈরাগী হত্যার বিচারের দাবিতে জকসুর মানববন্ধন,https://www.prothomalo.com/bangladesh/capital/t69n1u1wm8,2026-04-28,"মানবাধিকার, গ্রেপ্তার, মানববন্ধন, বক্তব্য, বিচার, সংগঠন, দাবি, সভা, আইন",9
205,PROTHOMALO_20260428_211709,Prothom Alo,bangladesh,কলারোয়ায় বিএনপি ও ছাত্রদলের নেতা–কর্মীদের বিরুদ্ধে সাংবাদিককে মারধরের অভিযোগ,https://www.prothomalo.com/bangladesh/district/nqukcmgqbw,2026-04-28,"সাংবাদিক, অভিযোগ, অনলাইন, দাবি, সভা",5
978,PROTHOMALO_20260507_121326,Prothom Alo,education,জাপানের টোব মাকি স্কলারশিপ: স্নাতক-স্নাতকোত্তর-পিএইচডির জন্য আবেদন শেষ ৮ মে,https://www.prothomalo.com/education/scholarship/pwwk9u19f2,2026-05-07,"প্রতিষ্ঠান, বিবৃতি, অনলাইন",3
407,PROTHOMALO_20260428_211709,Prothom Alo,world,২৫ হাজার নারী শিক্ষক ও স্বাস্থ্যকর্মী হারাতে পারে আফগানিস্তান: ইউনিসেফ,https://www.prothomalo.com/world/asia/kin0ks9k5q,2026-04-28,"প্রতিবেদন, নারী, নীতি",3
333,PROTHOMALO_20260428_211709,Prothom Alo,world,আবুঘরবেহর বিরুদ্ধে অভিযোগ করার কারণেই কি খুন হতে হলো লিমনকে,https://www.prothomalo.com/world/usa/0a3bx0ceej,2026-04-28,"গ্রেপ্তার, প্রতিবেদন, অভিযোগ, দাবি",4
1020,PROTHOMALO_20260507_121326,Prothom Alo,chakri,"বগুড়ায় সরকারি অফিসে দুটি গ্রেডে বড় নিয়োগ, পদ ১৫৫",https://www.prothomalo.com/chakri/employment/kk8ia2e6at,2026-05-07,বেতন,1
325,PROTHOMALO_20260428_211709,Prothom Alo,bangladesh,"সুনামগঞ্জে অতিবৃষ্টি ও পাহাড়ি ঢলে ডুবছে জমির ধান, বাঁধ ভেঙেছে দুটি",https://www.prothomalo.com/bangladesh/district/69atve25y9,2026-04-28,"আন্দোলন, শ্রমিক, চাপ",3
395,PROTHOMALO_20260428_211709,Prothom Alo,business,যেভাবে দুই বিশ্ব তেলযুদ্ধ বদলে দিল বিশ্বের মানচিত্র,https://www.prothomalo.com/business/world-business/73948u6j3w,2026-04-28,"প্রতিষ্ঠান, আলোচনা, আক্রমণ, গবেষণা, অধিকার, সংগঠন, নীতি, চাপ, আইন, দমন",10
216,PROTHOMALO_20260428_211709,Prothom Alo,bangladesh,আসলাম চৌধুরী ও সারোয়ার আলমগীর প্রার্থিতার বিরুদ্ধে আপিল শুনানি ৫ মে,https://www.prothomalo.com/bangladesh/lckmr6grio,2026-04-28,"অভিযোগ, বিচার, ঘোষণা, আইন",4
1017,PROTHOMALO_20260507_121326,Prothom Alo,business,"বিনিয়োগের বিকল্প খাত হতে পারে সুকুক, কী কী লাগে",https://www.prothomalo.com/business/personal-finance/bt26rp0np5,2026-05-07,"প্রতিষ্ঠান, সভা",2
295,PROTHOMALO_20260428_211709,Prothom Alo,world,ফ্লোরিডায় দুই বাংলাদেশি শিক্ষার্থী হত্যার ঘটনায় আবুঘরবেহর পাশাপাশি তদন্তের মুখে চ্যাটজিপিটি,https://www.prothomalo.com/world/usa/wdsgqhc9xz,2026-04-28,"প্রতিষ্ঠান, গ্রেপ্তার, অভিযোগ, বিচার, সংবাদ, ঘোষণা",6
334,PROTHOMALO_20260428_211709,Prothom Alo,technology,"স্মার্টফোন আনছে ওপেনএআই, সত্যি না গুজব",https://www.prothomalo.com/technology/9gn2dwb8ts,2026-04-28,"প্রতিষ্ঠান, মিডিয়া, বাধা",3
223,PROTHOMALO_20260428_211709,Prothom Alo,bangladesh,ইউএনও কার্যালয়ে ঢুকে সাংবাদিকের ওপর হামলার অভিযোগ বিএনপি নেতার বিরুদ্ধে,https://www.prothomalo.com/bangladesh/district/yoi78zuwz5,2026-04-28,"সাংবাদিক, বক্তব্য, অভিযোগ, সংবাদ, আইন",5
975,PROTHOMALO_20260507_121326,Prothom Alo,bangladesh,"মাদারীপুরের ‘বোমারু’ ফয়সাল গ্রেপ্তার, হত্যা–ধর্ষণসহ আছে ১৭ মামলা",https://www.prothomalo.com/bangladesh/district/l0xx6ccjcz,2026-05-07,"গ্রেপ্তার, অভিযোগ, অনলাইন, বিচার, মামলা, সংবাদ, নারী, দাবি, আইন",9
393,PROTHOMALO_20260428_211709,Prothom Alo,bangladesh,চিহ্নিত হয়নি প্রথম আলোতে হামলার পরিকল্পনাকারীদের কেউ,https://www.prothomalo.com/bangladesh/tvy2rywaij,2026-04-28,"গ্রেপ্তার, ইন্টারনেট, প্রতিবেদন, গণমাধ্যম, প্রতিবাদ, সাংবাদিক, বক্তব্য, আন্দোলন, বিক্ষোভ, মিডিয়া, সমাবেশ, অভিযোগ, আক্রমণ, অনলাইন, হুমকি, মামলা, সংগঠন, সংবাদ, ঘোষণা, মিছিল, বাধা, দাবি, নীতি, সভা, চাপ, আইন",26
362,PROTHOMALO_20260428_211709,Prothom Alo,opinion,রূপপুরে জ্বালানি স্থাপন: একটি প্রযুক্তিগত মাইলফলক,https://www.prothomalo.com/opinion/column/fwnuulieed,2026-04-28,"নীতি, চাপ",2
1013,PROTHOMALO_20260507_121326,Prothom Alo,religion,ইসলামি স্থাপত্যে কেমন ছিল কুফা শহরের ‘নগর পরিকল্পনা’,https://www.prothomalo.com/religion/islam/ivz75drdnx,2026-05-07,নীতি,1
430,PROTHOMALO_20260428_211709,Prothom Alo,bangladesh,নিভৃত গ্রাম থেকে ব্যস্ত শহর রূপপুর,https://www.prothomalo.com/bangladesh/district/tpyavg82vd,2026-04-28,"প্রতিষ্ঠান, শ্রমিক, দাওয়া, চাপ",4
312,PROTHOMALO_20260428_211709,Prothom Alo,technology,"দুই সপ্তাহের ডিজিটাল ডিটক্স বাড়াতে পারে মনোযোগ, কমাতে পারে বিষণ্নতা",https://www.prothomalo.com/technology/xbsr98soz4,2026-04-28,"প্রতিষ্ঠান, ইন্টারনেট, গবেষণা, অনলাইন, মামলা",5
277,PROTHOMALO_20260428_211709,Prothom Alo,bangladesh,"তথ্যপ্রযুক্তি, জ্বালানিসহ বিভিন্ন খাতে বিনিয়োগে প্রবাসীদের প্রতি আহ্বান",https://www.prothomalo.com/bangladesh/97zesnn0z8,2026-04-28,"প্রতিষ্ঠান, ইন্টারনেট, আলোচনা, সভা",4
290,PROTHOMALO_20260428_211709,Prothom Alo,bangladesh,"স্ত্রীকে নিয়ে ঝরনা দেখতে গিয়েছিলেন, ফেরার পথে মাইক্রোবাসের ধাক্কায় মৃত্যু",https://www.prothomalo.com/bangladesh/district/mtqfni0vrq,2026-04-28,ঘোষণা,1
265,PROTHOMALO_20260428_211709,Prothom Alo,durporobash,পরবাসের বৈশাখী বনভোজন,https://nagorik.prothomalo.com/durporobash/lcekak3ual,2026-04-28,"প্রতিষ্ঠান, সংগঠন, দাওয়া, নারী",4
342,PROTHOMALO_20260428_211709,Prothom Alo,bangladesh,"গুলশানে ভারতীয় নারীর মরদেহ উদ্ধার, ময়নাতদন্ত হবে: পুলিশ",https://www.prothomalo.com/bangladesh/crime/ltn65we81q,2026-04-28,"প্রতিবেদন, নারী",2
207,PROTHOMALO_20260428_211709,Prothom Alo,politics,দুর্নীতির অভিযোগ ঘিরে সংসদে শামা–নাহিদের বিতর্ক,https://www.prothomalo.com/politics/a7i6qsw1gd,2026-04-28,"ন্যায়বিচার, প্রতিবাদ, বক্তব্য, আলোচনা, মিডিয়া, অভিযোগ, বিচার, নীতি, আইন",9
979,PROTHOMALO_20260507_121326,Prothom Alo,bangladesh,"মোটরসাইকেল থেকে ছিটকে পড়ে এক বন্ধু নিহত, আহত আরেকজন",https://www.prothomalo.com/bangladesh/capital/xwic97csi0,2026-05-07,"ঘোষণা, আইন",2
993,PROTHOMALO_20260507_121326,Prothom Alo,ayojon,অদৃশ্য শ্রমের মহাকাব্য নারী কৃষক: কাঠামোগত শোষণ ও মজুরি বৈষম্যের এক অদৃশ্য আখ্যান,https://nagorik.prothomalo.com/ayojon/1zv8lm3p5f,2026-05-07,"নির্যাতন, শ্রমিক, অধিকার, বিচার, নারী, নীতি",6
326,PROTHOMALO_20260428_211709,Prothom Alo,education,একীভূত শিক্ষাক্রম ও মূল্যায়নব্যবস্থার প্রস্তাব ডিসিদের,https://www.prothomalo.com/education/xudhvazd4s,2026-04-28,"আইন পরিবর্তন, প্রতিবন্ধী, নীতিমালা, আলোচনা, অভিযোগ, নীতি, আইন",7
371,PROTHOMALO_20260428_211709,Prothom Alo,world,"যুক্তরাষ্ট্র ও ইরানের মধ্যে আলোচনা কি ব্যর্থ হলো, চুক্তি না হওয়ার অর্থ কী দাঁড়াচ্ছে",https://www.prothomalo.com/world/middle-east/euevoajn49,2026-04-28,"সাংবাদিক, বক্তব্য, আলোচনা, হুমকি, সংবাদ, বাধা, দাবি, নীতি, চাপ",9
1035,PROTHOMALO_20260507_121326,Prothom Alo,world,"শুভেন্দু অধিকারীর ব্যক্তিগত সহকারীকে গুলি করে হত্যা, এলাকায় উত্তেজনা",https://www.prothomalo.com/world/india/ynnlxwj56i,2026-05-07,"গ্রেপ্তার, অভিযোগ, অধিকার, হুমকি, সংবাদ, ঘোষণা, সভা, দমন",8
367,PROTHOMALO_20260428_211709,Prothom Alo,chakri,"পুলিশে এএসআই নিয়োগে আবেদন শুরু, যা কিছু জানা জরুরি",https://www.prothomalo.com/chakri/chakri-suggestion/iveostk4e5,2026-04-28,"অনলাইন, নারী, ভাতা, বেতন, বিধি",5
1019,PROTHOMALO_20260507_121326,Prothom Alo,education,"মেডিক্যাল, ইঞ্জিনিয়ারিং ও নার্সিং শিক্ষার্থীদের বিশেষ আর্থিক সহায়তা দেবে সরকার, জেনে নিন সব তথ্য",https://www.prothomalo.com/education/scholarship/2ryvyfq9yv,2026-05-07,প্রতিষ্ঠান,1
439,PROTHOMALO_20260428_211709,Prothom Alo,sports,আজ টিভিতে যা দেখবেন (২৮ এপ্রিল ২০২৬),https://www.prothomalo.com/sports/822bsn93ot,2026-04-28,নারী,1
206,PROTHOMALO_20260428_211709,Prothom Alo,politics,জামায়াতকে নিয়ে মুক্তিযোদ্ধা ফজলুর রহমানের বক্তব্যে সংসদে উত্তেজনা,https://www.prothomalo.com/politics/i4v7jaq0ya,2026-04-28,"প্রতিবাদ, বক্তব্য, আলোচনা, অধিকার, বিচার, দাবি, বিধি, নীতি, সভা, আইন",10
365,PROTHOMALO_20260428_211709,Prothom Alo,bangladesh,"কারও ঘরভাড়া বাকি, কারও আছে ঋণ",https://www.prothomalo.com/bangladesh/capital/qytlpi4bxy,2026-04-28,চাপ,1
413,PROTHOMALO_20260428_211709,Prothom Alo,sports,এক ‘পরিবার’ হওয়াতেই অর্পিতাদের এই সাফল্য,https://www.prothomalo.com/sports/other-sports/cp4qdwh8zu,2026-04-28,"আলোচনা, নারী",2
318,PROTHOMALO_20260428_211709,Prothom Alo,politics,বাংলাদেশিদের জন্য ভারতীয় ভিসায় শিগগির ইতিবাচক পরিবর্তনের আশা পররাষ্ট্রমন্ত্রীর,https://www.prothomalo.com/politics/t3djfyfyu9,2026-04-28,"আলোচনা, সভা",2
247,PROTHOMALO_20260428_211709,Prothom Alo,politics,"ভুয়া বক্তব্য-ছবিতে অপপ্রচার, শিকার নারী আসনের প্রার্থীরা",https://www.prothomalo.com/politics/gk1r7tf3iz,2026-04-28,"মতপ্রকাশ, স্বচ্ছতা, বক্তব্য, আন্দোলন, আলোচনা, অনলাইন, বিচার, সংবাদ, নারী, দাবি, নীতি, সভা",12
260,PROTHOMALO_20260428_211709,Prothom Alo,technology,মাত্র ৫ শতাংশ প্রতিষ্ঠান সাইবার নিরাপত্তা সরবরাহকারীদের ওপর নির্ভরশীল,https://www.prothomalo.com/technology/cyberworld/ibynb9ursp,2026-04-28,"গবেষণা প্রতিবেদন, প্রতিষ্ঠান, জবাবদিহিতা, প্রতিবেদন, স্বচ্ছতা, আক্রমণ, গবেষণা, হুমকি, সংবাদ, মতামত",10
308,PROTHOMALO_20260428_211709,Prothom Alo,lifestyle,হঠাৎ করেই অস্বাভাবিক চুল পড়ছে? এটি হতে পারে গোপন কোনো সংকেত,https://www.prothomalo.com/lifestyle/beauty/4gqsyidynv,2026-04-28,চাপ,1
423,PROTHOMALO_20260428_211709,Prothom Alo,sports,বিশ্বকাপে হলুদ কার্ড নিষেধাজ্ঞার নিয়ম বদলাচ্ছে ফিফা,https://www.prothomalo.com/sports/football/u60jdbng0b,2026-04-28,"আলোচনা, সভা",2
313,PROTHOMALO_20260428_211709,Prothom Alo,bangladesh,গৃহকর্মী নির্যাতন মামলায় জামিন পেলেন বিমানের সাবেক এমডি সাফিকুর,https://www.prothomalo.com/bangladesh/crime/c2y8go7nnf,2026-04-28,"প্রতিষ্ঠান, গ্রেপ্তার, নির্যাতন, আলোচনা, অভিযোগ, বিচার, মামলা, আইন",8
442,PROTHOMALO_20260428_211709,Prothom Alo,world,ইন্দোনেশিয়ায় দুই ট্রেনের সংঘর্ষে নিহত ৭,https://www.prothomalo.com/world/asia/77s2m1bwx1,2026-04-28,"প্রতিবেদন, সংবাদ",2
354,PROTHOMALO_20260428_211709,Prothom Alo,bangladesh,"পাম্পে জ্বালানি তেলের জন্য অপেক্ষা করছিলেন কৃষক, হঠাৎ অসুস্থ হয়ে মৃত্যু",https://www.prothomalo.com/bangladesh/district/mfyk1xabnn,2026-04-28,"অভিযোগ, ঘোষণা",2
421,PROTHOMALO_20260428_211709,Prothom Alo,bangladesh,যানজটের যে সড়কে আড়াই শ বছর আগে ভিড়ত আরব বণিকদের জাহাজ,https://www.prothomalo.com/bangladesh/district/ie6s9qo7l8,2026-04-28,"স্বাধীনতা, অধিকার",2
293,PROTHOMALO_20260428_211709,Prothom Alo,world,"এনপিটি সম্মেলনে ইরান সহসভাপতি মনোনীত, জাতিসংঘে যুক্তরাষ্ট্রের সঙ্গে বাগ্‌বিতণ্ডা",https://www.prothomalo.com/world/usa/3kzi0v2vnz,2026-04-28,"বক্তব্য, আন্দোলন, আলোচনা, দাবি, নীতি, সভা",6
208,PROTHOMALO_20260428_211709,Prothom Alo,bangladesh,"লাশ ফেলা হয় সাগরে, ভারতে গিয়ে দুর্ঘটনায় মৃত্যুর গল্প সাজান স্বামী, তাতেও হয়নি শেষরক্ষা",https://www.prothomalo.com/bangladesh/p0zplaxltv,2026-04-28,"গ্রেপ্তার, প্রতিবেদন, বক্তব্য, অভিযোগ, বিচার, মামলা, নারী",7
411,PROTHOMALO_20260428_211709,Prothom Alo,bangladesh,ইতালিতে ট্রেন দুর্ঘটনায় বাংলাদেশি শ্রমিক নিহত,https://www.prothomalo.com/bangladesh/district/8h7kr6hj8z,2026-04-28,"প্রতিষ্ঠান, শ্রমিক",2
392,PROTHOMALO_20260428_211709,Prothom Alo,education,"ঢাকা বিশ্ববিদ্যালয়ের বিশেষ মাইগ্রেশনের ফল ও বিষয় বরাদ্দ প্রকাশ, শিক্ষার্থীদের জন্য ৪ নির্দেশনা",https://www.prothomalo.com/education/examination/361tyz1jke,2026-04-28,অনলাইন,1
429,PROTHOMALO_20260428_211709,Prothom Alo,travel,"সুন্দরবনে এক দিন: বাজেট কম, আনন্দ বেশি",https://nagorik.prothomalo.com/travel/wr9n52en38,2026-04-28,"ঘোষণা, নারী, বাধা",3
1033,PROTHOMALO_20260507_121326,Prothom Alo,bangladesh,টিকাদানের পর ৩০ উপজেলায় হামের সংক্রমণ কমেছে,https://www.prothomalo.com/bangladesh/gwloz7smsb,2026-05-07,"প্রতিষ্ঠান, আলোচনা, গবেষণা, দাবি, নীতি, সভা",6
425,PROTHOMALO_20260428_211709,Prothom Alo,business,আইডিএলসির এসএমই উৎসব ঋণ: জামানত ছাড়া ৩৫ লাখ টাকা পাওয়া যাবে,https://www.prothomalo.com/business/personal-finance/vxhqhzu4c0,2026-04-28,"প্রতিষ্ঠান, প্রতিবেদন, নারী",3
1026,PROTHOMALO_20260507_121326,Prothom Alo,entertainment,নতুন কাজ ‘অ্যানি’ নিয়ে ফিরলেন সাদ,https://www.prothomalo.com/entertainment/ott/3rsomc4rap,2026-05-07,"আলোচনা, নারী",2
995,PROTHOMALO_20260507_121326,Prothom Alo,onnoalo,বুদ্ধের সমকালীন প্রাসঙ্গিকতা,https://www.prothomalo.com/onnoalo/translation/fim16e1swb,2026-05-07,"মতপ্রকাশের স্বাধীনতা, প্রতিষ্ঠান, মানবাধিকার, স্বাধীনতা, মতপ্রকাশ, আলোচনা, শ্রমিক, অধিকার, বিধি, নীতি, সভা, চাপ, আইন",13
434,PROTHOMALO_20260428_211709,Prothom Alo,opinion,পারমাণবিক অস্ত্রই কি এখন ইরানের একমাত্র পথ?,https://www.prothomalo.com/opinion/column/2h0k1le3ht,2026-04-28,"আলোচনা, আক্রমণ, হুমকি, ঘোষণা, দাবি, নীতি",6
234,PROTHOMALO_20260428_211709,Prothom Alo,opinion,আমেরিকা-পরবর্তী ইউরোপের সামনে অনিশ্চয়তা কতটা,https://www.prothomalo.com/opinion/column/mxdt2qh9xx,2026-04-28,ঘোষণা,1
316,PROTHOMALO_20260428_211709,Prothom Alo,entertainment,সন্তানদের টিভি–ইন্টারনেট থেকে দূরে রাখেন এই অভিনেত্রী,https://www.prothomalo.com/entertainment/world-cinema/d0sm7tj13u,2026-04-28,"ইন্টারনেট, প্রতিবেদন, আলোচনা, মিডিয়া, নারী, বাধা",6
211,PROTHOMALO_20260428_211709,Prothom Alo,bangladesh,"দেড় ঘণ্টার বৃষ্টিতে জলাবদ্ধ কুমিল্লা নগরী, বেঞ্চে পা তুলে লিখলেন এসএসসি পরীক্ষার্থীরা",https://www.prothomalo.com/bangladesh/district/2ycctl7yty,2026-04-28,"প্রতিষ্ঠান, বাধা",2
256,PROTHOMALO_20260428_211709,Prothom Alo,bangladesh,"জঙ্গি শব্দ ‘রিকগনাইজ’ করেন না স্বরাষ্ট্রমন্ত্রী, বললেন উগ্রপন্থী গোষ্ঠীর কথা",https://www.prothomalo.com/bangladesh/gak5277y4b,2026-04-28,"সাংবাদিক, অভিযোগ, সংগঠন, আইন",4
1014,PROTHOMALO_20260507_121326,Prothom Alo,entertainment,"তিনবার বিয়ে থেকে গোপন সংসার, চমকে দিয়েছিলেন এই খলনায়ক",https://www.prothomalo.com/entertainment/bollywood/w5ezoeuifd,2026-05-07,"আলোচনা, অভিযোগ, নারী, দাবি, চাপ",5
449,PROTHOMALO_20260428_211709,Prothom Alo,bangladesh,ওবায়দুল কাদেরসহ সাত আসামির মানবতাবিরোধী অপরাধের মামলার সাক্ষ্য গ্রহণ শেষ,https://www.prothomalo.com/bangladesh/kjft17azbe,2026-04-28,"মামলা, সভা",2
264,PROTHOMALO_20260428_211709,Prothom Alo,bangladesh,"বগুড়া থেকে ঢাকায় যাওয়ার পথে লুট হওয়া ৬০০ বস্তা চাল গাজীপুরে উদ্ধার, আটক ২",https://www.prothomalo.com/bangladesh/district/9zofdgglyq,2026-04-28,"গ্রেপ্তার, অভিযোগ",2
380,PROTHOMALO_20260428_211709,Prothom Alo,bangladesh,"সমুদ্রবন্দরগুলোয় সতর্কসংকেত, ঢাকাসহ ৪ বিভাগে ভারী বৃষ্টির পূর্বাভাস",https://www.prothomalo.com/bangladesh/environment/q6qdsadk13,2026-04-28,"প্রতিবেদন, চাপ",2
215,PROTHOMALO_20260428_211709,Prothom Alo,opinion,কূটনৈতিক যুদ্ধে যুক্তরাষ্ট্র ও ইরান কে কতদূর এগোল,https://www.prothomalo.com/opinion/column/t9b6ob62nm,2026-04-28,"বক্তব্য, আলোচনা, অভিযোগ, হুমকি, সংবাদ, বাধা, দাবি, নীতি, চাপ",9
270,PROTHOMALO_20260428_211709,Prothom Alo,bangladesh,সাংবাদিক দম্পতি শাকিল-ফারজানার জামিন আবেদনের ওপর আদেশ পেছাল,https://www.prothomalo.com/bangladesh/hwhapwcwxx,2026-04-28,"গ্রেপ্তার, সাংবাদিক, আন্দোলন, বিচার, মামলা, আইন",6
435,PROTHOMALO_20260428_211709,Prothom Alo,sports,টি-টুয়েন্টিতে বদলে যাওয়া বাংলাদেশের চোখ এখন পরের ধাপে,https://www.prothomalo.com/sports/cricket/chj5q03wcm,2026-04-28,"আক্রমণ, বিচার, চাপ",3
